product,review
Laptop,This product is fantastic and works great
Laptop,"I love it, amazing quality"
Laptop,Excellent value for the price
Laptop,Superb performance and user friendly
Laptop,Best purchase I have ever made
Laptop,Absolutely wonderful and awesome
Laptop,Great build quality and great design
Laptop,I am very satisfied with this product
Laptop,It does exactly what it promises
Laptop,Highly recommend to everyone
Laptop,This is the worst product I ever bought
Laptop,"Terrible experience, very disappointing"
Laptop,Poor quality and horrible service
Laptop,"I hate it, waste of money"
Laptop,"Worst purchase ever, extremely bad"
Laptop,It stopped working after a week
Laptop,Awful build quality and very slow
Laptop,"I am not satisfied, completely useless"
Laptop,The product is defective and broke down
Laptop,"I regret buying this, terrible"
Laptop,"The product is okay, not too bad"
Laptop,"Average quality, nothing special"
Laptop,"It works as expected, decent product"
Laptop,"Neither good nor bad, just fine"
Laptop,Mediocre experience overall
Laptop,The service is acceptable
Laptop,Not bad but could be better
Laptop,"Decent performance, nothing impressive"
Laptop,It’s just a regular product
Laptop,Simple and ordinary
Headphones,This product is fantastic and works great
Headphones,"I love it, amazing quality"
Headphones,Excellent value for the price
Headphones,Superb performance and user friendly
Headphones,Best purchase I have ever made
Headphones,Absolutely wonderful and awesome
Headphones,Great build quality and great design
Headphones,I am very satisfied with this product
Headphones,It does exactly what it promises
Headphones,Highly recommend to everyone
Headphones,This is the worst product I ever bought
Headphones,"Terrible experience, very disappointing"
Headphones,Poor quality and horrible service
Headphones,"I hate it, waste of money"
Headphones,"Worst purchase ever, extremely bad"
Headphones,It stopped working after a week
Headphones,Awful build quality and very slow
Headphones,"I am not satisfied, completely useless"
Headphones,The product is defective and broke down
Headphones,"I regret buying this, terrible"
Headphones,"The product is okay, not too bad"
Headphones,"Average quality, nothing special"
Headphones,"It works as expected, decent product"
Headphones,"Neither good nor bad, just fine"
Headphones,Mediocre experience overall
Headphones,The service is acceptable
Headphones,Not bad but could be better
Headphones,"Decent performance, nothing impressive"
Headphones,It’s just a regular product
Headphones,Simple and ordinary
Smartphone,This product is fantastic and works great
Smartphone,"I love it, amazing quality"
Smartphone,Excellent value for the price
Smartphone,Superb performance and user friendly
Smartphone,Best purchase I have ever made
Smartphone,Absolutely wonderful and awesome
Smartphone,Great build quality and great design
Smartphone,I am very satisfied with this product
Smartphone,It does exactly what it promises
Smartphone,Highly recommend to everyone
Smartphone,This is the worst product I ever bought
Smartphone,"Terrible experience, very disappointing"
Smartphone,Poor quality and horrible service
Smartphone,"I hate it, waste of money"
Smartphone,"Worst purchase ever, extremely bad"
Smartphone,It stopped working after a week
Smartphone,Awful build quality and very slow
Smartphone,"I am not satisfied, completely useless"
Smartphone,The product is defective and broke down
Smartphone,"I regret buying this, terrible"
Smartphone,"The product is okay, not too bad"
Smartphone,"Average quality, nothing special"
Smartphone,"It works as expected, decent product"
Smartphone,"Neither good nor bad, just fine"
Smartphone,Mediocre experience overall
Smartphone,The service is acceptable
Smartphone,Not bad but could be better
Smartphone,"Decent performance, nothing impressive"
Smartphone,It’s just a regular product
Smartphone,Simple and ordinary
Laptop,Laptop is working great
Laptop,Laptop was fine product to be used
Headphones,The laptop is working great
Laptop,The laptop is working great
Laptop,The laptop is working great
smartphone,smartphonme are working great as you can call anyone anytime
